,title,hits
111,포켓몬스터스칼렛・바이올렛 TVCM 1,3455313
170,포켓몬스터스칼렛・바이올렛 TVCM 2,3323360
136,시작할 때 버그 써서 전설 먼저 만나러 가면 벌어지는 일ㅋㅋㅋㅋ [포켓몬 스칼렛 바이올렛],1724274
148,9세대 전설 포켓몬과 함께 떠나는 새로운 팔데아지방 모험 [포켓몬스터 스칼렛 바이올렛 1화],822007
528,[포켓몬] 어디까지 가능하세요?,770691
56,9세대에서만 가능한 특수 진화 포켓몬들 [포켓몬스터 스칼렛 바이올렛 6화],759479
60,팔데아 도감 완성하고 모든 패러독스 이로치 잡기 도전! [포켓몬스터 스칼렛 바이올렛 14화],706189
58,팔데아 지방에 봉인된 사악한 9세대 전설 포켓몬들 [포켓몬스터 스칼렛 바이올렛 7화],699220
79,1레벨 포켓몬으로 팔데아지방 챔피언 도전! 바이올렛 전설 미라이돈 [포켓몬스터 스칼렛 바이올렛 12화],684798
99,첫 패러독스 포켓몬 위대한엄니! 모으령 코인 다 모으고 진화시키기 [포켓몬스터 스칼렛 바이올렛 4화],676853
137,신규 9세대 600족 드닐레이브 만들기! 첫 스타팅 최종진화 [포켓몬스터 스칼렛 바이올렛 3화],665546
70,꼰대 vs 놀부 할아버지! 이제는 스칼렛/바이올렛 버전으로 대결!! (꼰&잼) - [전자오랏맨],651127
346,신작 스타팅 포켓몬 진화를 예상해보자,640057
145,뭐?? 요즘 포켓몬은 동굴에서 공중날기가 된다고?? 포켓몬스터 스칼렛/바이올렛 버전 꼰&잼 반응 - [전자오랏맨],602451
81,🔥닌텐도 대규모 신작! 포켓몬스터 스칼렛＆바이올렛 밤새도록 했습니다!,580954
119,"새로운 6성, 최강 7성 레이드! 바이올렛에서만 진화하는 파라블레이즈 [포켓몬스터 스칼렛 바이올렛 10화]",580855
218,뭐?? 성원숭이 진화체가 생겼다고??(포켓몬스터 스칼렛/바이올렛 새로운 진화체 꼰&잼 반응) - [전자오랏맨],546213
8,"학교 최강 선발대회 시작! 9세대 모든 신규기술, 전용기 총 출동! [포켓몬스터 스칼렛 바이올렛 13화]",531079
477,팔데아 400종 포획장소와 진화방법 / 포켓몬스터 스칼렛 바이올렛,507359
187,뭐? 요즘 스타팅 포켓몬은 춤추는 오리? 해골 악어?? 도둑 고양이라고?? 포켓몬스터 스칼렛/바이올렛 스타팅 포켓몬 꼰&잼 반응 - [전자오랏맨],504599
343,"새로운 전설의 포켓몬! 코라이돈, 미라이돈 공개! (포켓몬스터 스칼렛/바이올렛 버전 신정보 총정리) - [전자오랏맨]",500115
97,3세대 포켓몬의 말뚝쌤! vs 4세대 포켓몬의 덕후가 대결하는 명승부!! 과연 그 승자는?? (꼰&잼)- [전자오랏맨],498334
271,흔한 탈것 포켓몬인줄 알았는데?? 초전설로 진화한다고?? 포켓몬스터 스칼렛/바이올렛 버전의 새로운 포켓몬 모토마와 새로운 배틀 정보 공개! - [전자오랏맨],494815
432,9세대 포켓몬 완전 신작! 포켓몬스터 스칼렛/바이올렛 버전 정보 총정리 - [전자오랏맨],468406
574,尹 부친상 조문 노사연에…개딸들 “제 정신이냐” 공격 | 뉴스TOP 10,464310
364,줄 때 꼭! 받자.. 팔데아 지방에서 못잡는 포켓몬 받는 방법!,427930
128,9세대 신규 특성 포켓몬들 [포켓몬스터 스칼렛 바이올렛 11화],424693
25,여러분들이 선택한 미라이돈과 뜨아거! 겜브링의 스칼렛&바이올렛 지금부터 시작 하겠습니다~,417651
147,코라이돈 미라이돈이 울트라레어로?! 이건 못 참지! 스칼렛 바이올렛 신상 카드깡!,411003
444,아내가 닌텐도 스위치 사왔습니다 - 홍꾸커플,407744
53,새로운 패러독스 포켓몬 굽이치는물결과 무쇠잎새 [포켓몬스터 스칼렛 바이올렛 16화],402808
374,최근 난리난 포켓몬 개웃긴 버그 모음ㅋㅋㅋㅋ,372798
105,8세대 마지막 카드팩들과 신규 9세대 카드팩 뽑기 [포켓몬 카드],364394
172,포켓몬 9세대 바이올렛 모든 600족 잡아서 진화시키기!! 너무 멋진데!?? 용군단으로 체육관 완벽격파까지!!!!(포켓몬 바이올렛 6화),352575
203,꼰대 vs 놀부! 이번에는 스칼렛/바이올렛 버전 속 포켓몬 퀴즈 대결!! (꼰&잼) - [전자오랏맨],350357
552,【倫理崩壊】人道から外れたバスラオ孵化厳選のやり方【ポケモンSV】【スカーレット・バイオレット】【うさごん】,349236
485,얘네가 같은 포켓몬이 아니라고? 3탄 #shorts,347495
45,리자몽 나온지 벌써 30년 다 됐다고? 개굴닌자는 나온지 벌써 10년차?? 포켓몬 세대차이편! (꼰&잼) - [전자오랏맨],346155
69,코라이돈 뽑았다 !! 미라이돈도... 스칼렛 바이올렛 ex 카드깡 !! 금손 VS 똥손 대결,343948
395,스칼렛&바이올렛 까줘야징~~ㅋㅋㅋ,332528
171,1세대 포켓몬 망키의 신규 최종진화!! 저승갓숭이 떴다!! 그리고 불타입 스타팅 뜨아거의 최종진화 까지!?? (포켓몬 바이올렛 4화)(9세대),332062
9,7성 최강 개굴닌자 등장! 모든 지방 이스터에그 살펴보기 [포켓몬스터 스칼렛 바이올렛 15화],313572
435,지우 없는 포켓몬 애니 드디어 1화 선행 공개! 시작부터 굴욕당한 주인공 리코! [포켓몬스터 2023 1화 프리뷰 분석리뷰],300776
133,포켓몬 스칼렛 바이올렛에서 마스터볼을 꺼내면 생기는 일,290817
91,여러분들의 도움이 필요합니다..! 소중한 한 표 부탁드립니다 - 포켓몬스터 스칼렛·바이올렛 - 겜브링(GGAMBRING),289560
254,[공식]「포켓몬스터스칼렛・바이올렛」 3rd Trailer 소개 영상,284494
202,포켓몬 9세대 마지막 정보가 풀렸다!? 찾아봤더니.... 최강의 테라스탈 리자몽 너무 멋있는데요!?? (포켓몬 스칼렛 바이올렛),282144
98,포켓몬 역대 최고의 명작 탄생?? 아니면 역대 최악의 망겜?? 포켓몬스터 스칼렛/바이올렛 버전 리뷰 - [전자오랏맨],271292
249,6성 레이드를 솔플 해버리는 배북 마릴리 만드는법!! [포켓몬스터 스칼렛 바이올렛],256069
579,"사망 소식 듣고도 ""거짓말 말라""…직접 장례식장 찾아간 학부모는 급기야 #뉴스다 / JTBC News",255418
227,역대 최고 임팩트 라이벌과 함께하는 챔피언 로드 스토리 :: [포켓몬스터 바이올렛],241992
396,카르본 위치와 카디나르마 파라블레이드 진화 방법 / 포켓몬스터 스칼렛 바이올렛,239089
411,9세대 풀 스타팅 포켓몬 최종 진화 / 포켓몬스터 스칼렛바이올렛 #shorts,234857
121,미래에서온 포켓몬들 이로치가 떠버렸다!!!! 훨씬 더 로봇스러워져서 멋있는데!!??(포켓몬 바이올렛 12화),234820
2,9세대 포켓몬홈 연동 시작! 달라진 전용기 총 출동! [포켓몬스터 스칼렛 바이올렛 17화],232533
198,이로치 개구마르 알까기 성공!! 바로 이로치 개굴닌자로 진화시켰더니 ㄷㄷ;; 포스 뭐야!! (포켓몬 스칼렛바이올렛),229162
217,|포켓몬 스칼렛·바이올렛| 9세대 신규 포켓몬 추천 & 빠른 진화 핵꿀팁 🍯,228369
162,포켓몬스터 스칼렛/바이올렛 버전 현재까지 공개된 정보 총정리 - [전자오랏맨],225945
13,포켓몬스터 스칼렛 바이올렛이 역대급인 이유 | 솔직 후기 & 리뷰,225563
236,게임에도 안 나온 전설의 포켓몬을 만난 리코! 10만볼트 버리고 기술배치 싹 다 바꾼 피카츄!! 그런데 나오하랑 왜 헤어졌어요? [포켓몬스터2023 2화 분석리뷰],220118
272,역대급으로 강한 최강의 개굴닌자가 9세대에 떴다!!! 7성 레이드 도전!! 엄청 멋있는데!? (포켓몬 최강의 개굴닌자),219840
350,포켓몬이 크리스탈이 된다고?? 포켓몬스터 스칼렛/바이올렛 버전 신정보 총정리! - [전자오랏맨],218507
6,실전 배틀 사기 포켓몬 TOP 10 (스칼렛/바이올렛 버전)- [전자오랏맨],216964
163,이로치가 하루에 한 마리? 아니! 하루에 4마리까지?? 색이 다른 포켓몬 대량 포획 총정리 (포켓몬스터 스칼렛/바이올렛 버전)- [전자오랏맨],215630
420,포켓몬 스칼렛/바이올렛의 숨겨진 꿀팁?!,215306
297,패러독스 미래폼! 뭔 이로치가 3시간만에 다 뜨냐? 포획의 순간! l 포켓몬스터 스칼렛 바이올렛 이로치 헌팅,210279
341,신작 포켓몬게임 그동안 몰래 잡던 이로치들 대 공개?! 포켓몬엔 진심인 태경 ㄷㄷ (포켓몬스터 스칼렛 바이올렛),209378
144,[공식]「포켓몬스터스칼렛・바이올렛」 Final Trailer | Ed Sheeran - Celestial,207470
210,뭐?? 라이코가 목이 길어졌다고?? 포켓몬스터 스칼렛/바이올렛 DLC 제로의 비보 추가 정보 공개! - [전자오랏맨],207116
139,왜 나의 귀여운 친구들이 항상 이상하게 변하는거야?,206820
342,포켓몬스터 스칼렛 바이올렛 #1,205034
248,포켓몬 스칼렛 바이올렛에서 하루만 출현하는 희귀포켓몬,204572
123,드디어 진화에 성공한 밥솥ㅇ...? 이 대머리는 누..구..세요..??????,204170
479,"사흉수를 모티브한 9세대 준전설 모든 공략 (말뚝위치, 잡는조건, 사당장소 해금, 잡는법) [포켓몬스터 스칼렛 바이올렛] 총지엔, 파오젠, 딩루, 위유이]",200577
336,"버그없이 쉽게 돈버는 방법 [포켓몬 스칼렛·바이올렛, 환웅랜드]",195733
259,준전설 파오젠 사당 위치와 말뚝 위치 / 포켓몬스터 스칼렛 바이올렛,195143
461,드디어 팔데아로 출발! 오픈월드로 만나는 포켓몬 대모험! :: [포켓몬스터 스칼렛 바이올렛],191180
286,포켓몬은 가면 갈수록 왜 이러냐? [ 포켓몬스터 스칼렛 리뷰 ],190461
167,[포켓몬 스칼렛 바이올렛] 스토리 진행 추천 순서와 공략 팁 [포켓챙],188839
140,다이아손도 실패한 말도 안 되는 카드팩?! 스칼렛 바이올렛 카드깡 대실패했습니다..,188524
110,포켓몬 스칼렛 바이올렛에서 돈 쉽고 빠르게 버는 방법,179593
475,기대안했는데..?! 신작 떴다?! 포켓몬 스칼렛 바이올렛! [포켓몬 프레젠트],179339
466,자고 나면 700만? 포켓몬스터 SV 쉽고 편하게 돈 버는 법! [포켓몬스터 스칼렛 바이올렛],176399
250,😨 포켓몬스터 스칼렛&바이올렛 | 심플한 영상 리뷰,171813
125,미모사 SR 뽑은거 실화? 신상 포켓몬카드 스칼렛 바이올렛 ex 첫 박스에서?,170504
164,포켓몬 스칼렛 바이올렛 각 버전별 등장 포켓몬! 어떤 버전 살지 미리 정해보자! [Pokemon Scarlet Violet],170475
96,스칼렛/바이올렛 이스터 에그 TOP 10 - [전자오랏맨],169908
321,"[공식]「포켓몬스터스칼렛・바이올렛」 소개 영상 ""팔데아지방 모험 가이드""",163271
178,현재와 미래의 만남 :: [포켓몬스터 바이올렛],162717
369,"[23화] 최종결전! 코라이돈, 대지에 서다! [포켓몬스터 스칼렛]",161096
306,이로치 팔데아 도감 1번~100번 리뷰! (포켓몬스터 스칼렛/바이올렛 버전)- [전자오랏맨],158674
95,포켓몬카드 카드깡 대결! 진짜 금손을 찾아라! 진검승부~ㅣ 9세대 포켓몬 스칼렛 & 바이올렛 VSTAR 유니버스 VMAX 클라이맥스,155295
190,비밀통로를 이용하면 파라블레이즈를 바로 얻을수 있다고?| | 포켓몬스터 스칼렛 바이올렛 3탄,154743
497,꼰대의 메가 뮤츠Y vs 놀부의 메가 뮤츠X의 3:3 로테이션 배틀! 과연 그 승자는? (꼰&잼)- [전자오랏맨],153352
152,브수니 드디어 첫 체육관 뱃지 달다? 풀포켓몬 관장 뚜드러 패러 간다~!,152131
298,테라스탈 레이드 가려면 얘네는 키워보자! [포켓몬스터 스칼렛・바이올렛 테라스탈 레이드 포켓몬 5종 추천 및 샘플소개],151392
168,포켓몬스터 스칼렛 바이올렛 vs 레전드 아르세우스 시간의 포효 이펙트 비교(풀버전 고정댓글) #shorts,149871
138,[포켓몬스터 스칼렛·바이올렛] 역대급으로 귀여운 포켓몬들이 나오는 게임🤣 (※시간순삭) (Pokémon Scarlet and Violet),149203
303,"[포켓몬 스칼렛/바이올렛] 가장 빨리 카르본을 구하고 진화시키는 방법!! (카디나르마, 파라블레이즈)",147742
483,모든 600족 포획 위치 & 얻는법 총정리!! 새로운 포켓몬도 등장?! [포켓몬스터 스칼렛 바이올렛] (딥상어동 에버라스 미끄메라 드라꼰 모노두 드니차 미뇽 아공이),145357
220,포켓몬스터 스칼렛/바이올렛 버전 새로운 기술 총정리 - [전자오랏맨],139360
309,[1화] 나오하! 너로 정했다! [포켓몬스터 스칼렛],137782
251,이번 포켓몬 스타팅 뭐 하지ㅋㅋㅋ 「포켓몬스터 스칼렛・바이올렛 #1」,137782
3,포켓몬스터 스칼렛/바이올렛 DLC 제로의 비보 새로운 추가 정보 총정리! - [전자오랏맨],136188
412,개굴닌자 7성 레이드 혼자 쉽게잡는법 「포켓몬스터스칼렛・바이올렛」,136176
438,핵사기 성능 포켓몬 3마리 추천!! [포켓몬스터 스칼렛바이올렛],135793
183,「포켓몬스터스칼렛・바이올렛」 소개 영상,134799
156,포켓몬 스칼렛 바이올렛 첫 배틀에서 지면 생기는 일,133175
318,"중요한건 꺾이지 않는 마음! ""이로치 스타팅"" 얻는 방법! [ 포켓몬 스칼렛 바이올렛 / Pokémon scarlet violet ]",132929
568,아내한테 레고로 푸바오 만들어주면 생기는일,132729
348,이런 내용이 정말 포켓몬스터...? :: [포켓몬스터 스칼렛 바이올렛],131536
422,9세대 실전배틀 사기 포켓몬 TOP 10 (시즌1 기준) [포켓몬스터 스칼렛 바이올렛],128703
305,포켓몬 9세대 2차 트레일러 공개! 그런데 어라...? :: [포켓몬스터 스칼렛 바이올렛],128550
317,최강의 리자몽 7성 레이드? 벌써 리자몽 이로치까지 뽑아버린 태경 ㄷㄷ (포켓몬스터 스칼렛 바이올렛),126131
165,포켓몬스터 스칼렛 바이올렛 21가지 공략 및 꿀팁 완전판,125933
352,왕의 성을 무너트린 9세대 준전설 4마리 포획법,123466
359,포켓몬 레벨 빨리 올리는법🆙 한시간 5십만 경험치 대량 파밍! 포켓몬 스칼렛 바이올렛,120696
417,스칼렛 바이올렛 DLC 떡밥 & 세번째 전설 포켓몬 정체를 파헤쳐보자!,120515
264,[포켓몬스터 바이올렛 #35] 하늘색 사당의 봉인된 금붕어가 재앙???,119344
293,레이드만 100시간한 유저가 알려주는 6성 레이드 솔플 공략 강의 영상 [포켓몬스터 스칼렛 바이올렛],118648
355,9세대 포켓몬과 함께! 즐거운 포켓몬 학교생활 시작! 【포켓몬스터 스칼렛·바이올렛】 1화 풀버전,116900
294,카메라만 켜서 이로치 얻는 방법(레시피포함),116566
325,과거폼 미래폼 패러독스 이로치는 어떻게 잡을까? l 포켓몬스터 스칼렛 바이올렛 이로치 뽑는 방법,116294
326,돌핀맨 저승갓숭 대도각참 진화하는 법 l 포켓몬스터 스칼렛 바이올렛 특수 진화 방법,114847
351,이로치 잘 나오는 장소가 있다?!,114292
196,포켓몬에서 미라이돈으로 부스터 사용하기 「포켓몬 스칼렛 바이올렛」,114291
449,인기 포켓몬 위치 / 포켓몬스터 스칼렛 바이올렛,112847
273,해외는 포켓몬 9세대를 어떻게 평가하고 있나?,112600
489,파라섹트는 죽은 포켓몬?? 악몽을 꾸게 하는 다크라이 괴담?? 묘지를 떠도는 트리미앙의 정체는?? 포켓몬 괴담 시즌2 (꼰&잼) - [전자오랏맨],111918
463,모든 패러독스 포켓몬 얻는 법! 고대폼/미래폼 +전설의 포켓몬까지?! [포켓몬스터 스칼렛 바이올렛],111900
270,알까기랑 대량발생 모두 다뤄봤습니다. l 포켓몬스터 스칼렛 바이올렛 이로치 뽑는 방법,110812
263,[공식]「포켓몬스터스칼렛・바이올렛」 3rd Trailer,110370
459,팔데아 도감 모든 포켓몬 총 정리! 001~400번 [포켓몬스터 스칼렛 바이올렛],109322
54,너넨 어디 가서 챔피언이라고 하지 마라 ㅋㅋ - 최약의 포켓몬 챔피언 TOP4,108425
582,아나운서 퇴출된 실수 사고6,105916
314,이로치 패러독스 포켓몬 가만히 서서 잡는법 (레시피 포함),105417
242,"[포켓몬 스칼렛/바이올렛] 포켓몬 스칼렛, 바이올렛의 차이점과 추천 스타팅 포켓몬~!!",105048
18,가논의 부활? 팬텀 가논의 등장 [젤다의 전설 왕국의 눈물 6화],103964
547,신규 블루아이즈 흑 포노아 뽑고 각성 무트와 우주편 첫 엔딩! [냥코대전쟁],103203
284,초보자 가이드 및 모르면 손해보는 꿀팁들! [포켓몬스터 스칼렛 바이올렛],103007
44,뭐?? 라이코가 드래곤 타입이 됐다고?? 포켓몬스터 스칼렛/바이올렛 버전 DLC 제로의 비보! 후편: 남청의 원반 추가 정보 총정리 - [전자오랏맨],100985
398,다른 버전 에리어제로에 들어가면 어떻게 될까? [포켓몬스터 스칼렛 바이올렛],100021
324,포켓몬스터 스칼렛 & 바이올렛 OST - VS 올림 & 투로 박사,99833
322,포켓몬스터 스칼렛 & 바이올렛 OST - VS 모란,98877
304,원하는 포켓몬 규토리볼로 무한으로 얻는법 (버그아님),95868
327,이로치 팔데아 도감 3탄! 201~300번 리뷰! (포켓몬스터 스칼렛/바이올렛 버전) - [전자오랏맨],95167
486,진화 아이템 획득 장소 정리 / 포켓몬스터 스칼렛 바이올렛,94727
260,준전설 위유이 사당 위치와 말뚝 위치 / 포켓몬스터 스칼렛 바이올렛,94653
353,"[포켓몬 스칼렛/바이올렛] 최강의 포획머신 버섯모 만들기 (버섯포자, 칼등치기)",94546
177,[포켓몬스터 바이올렛 #29] 챔피언 로드의 마지막! 내가 가지고 싶은 포켓몬들과 대결!,94443
356,스이쿤 비리디온 패러독스! 굽이치는물결과 무쇠잎새 레이드! l 포켓몬스터 스칼렛 바이올렛,93512
307,전설의포켓몬 유출? 미리 해두면 좋은것들! [포켓몬스터 스칼렛・바이올렛],87250
427,【2022년 최신 '닌텐도 스위치 OLED 스칼렛 바이올렛 에디션' 개봉기】 [사이],86746
280,[포켓몬스터 바이올렛 #34] 새로운 배틀폼 미라이돈을 잡았다!,85564
19,드디어 포켓몬홈 연동 시작!!! 포켓몬홈으로 풀린 포켓몬 목록과 기술들 총정리! - [전자오랏맨],84644
68,젤다 하다가 오랜만에 포켓몬 하면 생기는 일 :: [포켓몬스터 바이올렛],82716
243,준전설 딩루 사당 위치와 말뚝 위치 / 포켓몬스터 스칼렛 바이올렛,81502
389,최후의 포켓몬 배틀 [포켓몬스터 스칼렛 바이올렛],80667
373,포켓몬스터 스칼렛·바이올렛 (2화) / 22.11.17 풍월량 다시보기,80629
62,[포켓몬스터 바이올렛 #45] 도감을 채우자! 개굴반장 진화!!!,79254
239,스토리를 깨지않고 제로에리어에 들어가봤더니?,78506
448,6성 레이드 한방 딜 최강 파괴광선 님피아 사용법[포켓몬스터 스칼렛 바이올렛],78332
335,인생 첫 배틀에서 벌레한테 탈탈 털린 리코! 그리고 생각보다 은근히 호감인 또 한 명의 주인공 로이!! [포켓몬스터2023 4화 분석리뷰],75403
223,분노의 포켓몬스터 스칼렛·바이올렛 1일차 후기 [미노엔의 데이원리뷰],73878
436,대량발생 이로치작 최종정리 l 포켓몬스터 스칼렛 바이올렛 이로치 뽑는 방법,72471
266,[포켓몬 스칼렛/바이올렛] 초보자를 위한 최강의 사기 포켓몬 타부자고 만드는 법!!,71898
310,[공식]「포켓몬스터스칼렛・바이올렛 제로의 비보」 1st Trailer,71369
240,"새 캐릭터와 포켓몬, 새 컨텐츠, 뮤츠 레이드까지! 알찬 DLC 소식 같이 보기! :: [포켓몬 프레젠트]",70619
292,닌텐도 스위치 스칼렛/바이올렛 OLED 에디션 + 포켓몬스터 스칼렛/바이올렛 더블팩 언박싱 리뷰! - [전자오랏맨],70345
207,하늘을 나는 한카리아스 이로치 잡기 「포켓몬 스칼렛 바이올렛」,69602
367,패러독스 이로치작 과거폼 포획의 순간! l 포켓몬스터 스칼렛 바이올렛 이로치 헌팅,68029
235,포켓몬 스칼렛 바이올렛 금지구역에서 알 까면 생기는 일,67595
185,공개된 9세대 최신 소식과 DLC 정보 요약!!! -프레젠트 上-,67363
471,최전성기를 맞이한 근본 600족 포켓몬 망나뇽 사용법을 알아보자! [포켓몬스터 스칼렛 바이올렛],67123
255,[포켓몬 스칼렛/바이올렛] 초보자를 위한 최강의 테라레이드용 페어리 포켓몬 님피아 만드는 법!!,65985
380,준전설 총지엔 사당 위치와 말뚝 위치 / 포켓몬스터 스칼렛 바이올렛,65938
180,"[포켓몬스터 바이올렛 #33 스토리엔딩] 눈물이 나는 엔딩 (저작권 때문에 편집, 하지만 진짜로 눈물이 났어요)",65519
66,진짜 최강의 리자몽 :: [포켓몬스터 스칼렛 바이올렛],65335
159,"🤪역시 포켓몬스터 ㅅㅂ이다! [포켓몬스터 스칼렛, 바이올렛 리뷰]",63621
446,[22화] 친구들과 떠나는 팔데아 대공 모험! 에리어 제로! [포켓몬스터 스칼렛],63613
426,참푸르마을의 체육관 테스트 비밀메뉴! [ 포켓몬 스칼렛 바이올렛 / Pokémon scarlet violet ],63298
288,원하는 대량발생 바로 띄우는 방법 (레시피 포함) 「포켓몬스터스칼렛・바이올렛」,62666
93,"감스트 ""포켓몬스터 스칼렛"" 김인직 군의 스토리 시작! [23.7.12 포켓몬 스칼렛 #1]",61295
278,"[포켓몬 스칼렛/바이올렛] 초보자들을 위한 초반 10레벨대 보스 공략루트와 추천 포켓몬!! (단풍, 절벼게, 콜사, 떨구새 공략)",60163
410,[재업] 최고의 스타팅 포켓몬을 분석하라! 핵심 분석 가이드 영상 포켓몬스터 스칼렛 바이올렛,59736
433,이제 혼자여도 괜찮아... l 포켓몬스터 스칼렛 바이올렛 도감 채우는 방법,59041
16,스칼렛 바이올렛 DLC 최신 소식 같이 살펴보기! :: [포켓몬스터 스칼렛 바이올렛],58670
282,[포켓몬 스칼렛&바이올렛] 중후반 꿀경험치 레벨업 노가다 하는 방법,58668
225,벌써 9세대라니!! 할모니 우러욧 [ 포켓몬스터 스칼렛 바이올렛 ],58304
311,이로치 이브이 잡는법 공개!!! 대량발생 이브이 확률업 방법까지!! [포켓몬스터 스칼렛 바이올렛],58235
86,스칼렛 바이올렛 DLC 제로의 비보 떡밥 분석 & 예측!,57953
328,"5년 넘게 노가다해서 나온 ""역 이로치"" 갸라도스!?",57692
478,[포켓몬 스칼렛/바이올렛] 초보자를 위한 노력치 올리는 가장 쉬운 방법!!,57414
434,아니 복사버그가 또?? [포켓몬스터 스칼렛 바이올렛],57105
345,원하는 물품이 나올때까지 무한리셋!? [포켓몬스터 스칼렛・바이올렛 규토리볼 수급처 & 경매장 리셋법 소개영상],56439
361,포켓몬스터 스칼렛 바이올렛 충격적인 기술 이펙트 모습..... 레전드 아르세우스랑 비교,55225
472,드래곤 타입 포켓몬 이로치작 추천 장소 정리 / 포켓몬스터 스칼렛 바이올렛,55114
403,개굴닌자는 역시 검은색이죠 l 포켓몬스터 스칼렛 바이올렛 이로치 헌팅,54814
557,Glitch para no luchar contra Brock en primera generación. #shorts - pachi66,54089
392,[포켓몬 스칼렛/바이올렛] 초보자를 위한 최강의 테라레이드용 포켓몬 파라블레이즈!! (에이스번 이벤트 공략용),53896
229,메타몽과 여러 포켓몬 이야기 :: [포켓몬스터 바이올렛],53676
295,[포켓몬 스칼렛/바이올렛] 초보자를 위한 최강의 테라레이드 포켓몬 마릴리를 만드는 방법!!,52151
451,안사신 분들은 시청 마시고 사서 플레이 추천 l 포켓몬스터 스칼렛 바이올렛 스토리 엔딩,51502
357,포켓몬스터 스칼렛 & 바이올렛 OST - VS 코라이돈/미라이돈,50966
360,[포켓몬 스칼렛/바이올렛] 초보자를 위한 알기 쉬운 알부화(알교배) 가이드!!,50045
14,[공식]「포켓몬스터스칼렛・바이올렛 제로의 비보」 2nd Trailer,50035
146,너희들 기술 왜그래...? 포켓몬홈 신규 포켓몬 전용 기술모션 총정리 [포켓몬스터 스칼렛 바이올렛],49323
363,방생의 순간을 내 영상만으로 찍을줄이야... l 포켓몬스터 스칼렛 바이올렛 이로치 헌팅,48606
368,포켓몬스터 스칼렛·바이올렛 (5화-엔딩) / 22.11.29 풍월량 다시보기,48307
161,포켓몬 스칼렛 바이올렛에서 희귀한 달콤아 이로치 쉽게 뽑는법,48202
494,9세대에 추가된 새로운 진화 방법,48138
443,에딧X 이로치 미라이돈 & 코라이돈을 타고 달려보자! 누구나 쉽게 할 수 있는 이로치락 전설몬 탑승법! [포켓몬 스칼렛 바이올렛 정보&공략],47950
20,"메가진화 뮤츠X,Y 등장! 뮤츠 기술설명서 : 포켓몬 유나이트",47939
131,포켓몬스터 스칼렛·바이올렛 2화 22.11.19(토),47302
470,화려하게 부활한 포켓몬의 제왕 한카리아스 사용법을 알아보자! [포켓몬스터 스칼렛 바이올렛],46886
365,포켓몬스터 스칼렛·바이올렛 (3화) / 22.11.26 풍월량 다시보기,46248
362,드디어 새로운 지역으로! 스칼렛 바이올렛 DLC 공개! 신작 소식까지?! [포켓몬 프레젠트],45910
265,이제부터 팔데아 지방이다! 그런데 벌써부터 하차할지도 모르는 리코의 모험? [포켓몬스터2023 9화 분석리뷰],45773
89,여러분의 세이브 파일은 안녕하신지요?,45665
442,[포켓몬 바이올렛 #31화] 미래지역3 최종보스 대반전!,45345
302,[포켓몬 스칼렛/바이올렛] 초보자를 위한 챔피온 로드 사천왕&네모 공략과 추천 포켓몬,45057
1,[공식]「포켓몬스터스칼렛・바이올렛 제로의 비보」 소개 영상 「배틀을 흥미진진하게 만드는 새로운 요소&역대 파트너 포켓몬들이 총출동!」,44118
381,업데이트를 통해서만 얻을 수 있는 특별한 포켓몬 받는 방법!,44087
428,9세대도 복구용 백업 세이브 데이터가 존재합니다 !!!!!!,43290
430,진품... 뜨냐? l 포켓몬스터 스칼렛 바이올렛 이로치 헌팅,43204
65,스칼렛·바이올렛 DLC 최신정보,43164
267,"[포켓몬 스칼렛/바이올렛] 초보자들을 위한 초반 20레벨대 보스 공략루트와 추천 포켓몬!! (피나, 모야모, 멜로코, 꿈트렁 공략)",42282
555,ガチギレ3兄弟【ポケモンSV】【ロマン】,41778
440,포켓몬스터 스칼렛 & 바이올렛 OST - VS 준전설 포켓몬,41774
458,신규 정보 업데이트한 공식 홈페이지 둘러보자,39541
41,심판의뭉치 부터 액셀브레이크 까지! 포켓몬 전용기 최강자/최약체는 과연 누구?,39467
456,"6~7세대 포켓몬홈 입국 프로젝트 Pt.4 [포켓몬스터 스칼렛 바이올렛 & XY, 썬,문]",39023
300,[포켓몬 스칼렛/바이올렛] 초보자를 위한 에리어 제로 공략과 추천 포켓몬!!,38616
399,[포켓몬 스칼렛/바이올렛] 초보자를 위한 빠르게 렙업하는 방법 추천!! (럭키 사냥),38552
245,포켓몬도 억까를 한다..? 김민교의 포켓몬 스칼렛 1부 2022.11.18 풀영상,37647
460,포켓몬스터 스칼렛 바이올렛 '역대급 사기 테라스탈 포켓몬' 얻고 하루만에 챔피언 되었습니다.. ㄷㄷ,37460
316,[포켓몬 스칼렛/바이올렛] 초보자를 위한 최강의 준전설 포켓몬 위유이를 만드는 방법!!,37362
502,도끼는 원숭이를 찢어,36877
212,포켓몬 학교에 입학했습니다! 「포켓몬스터스칼렛・바이올렛」 (1),36826
22,천덕꾸러기가 되어버린 6세대 물 스타팅 포켓몬 개굴닌자 사용법을 알아보자! [포켓몬스터 스칼렛 바이올렛],36705
358,[포켓몬 스칼렛/바이올렛] 초보자를 위한 최강의 전기 포켓몬 미라이돈 만드는 법!!,36042
401,최초의 노말/고스트타입 히스이조로아크 희대의 개사기포켓몬,35837
429,포켓몬스터 스칼렛 바이올렛 600족 망나뇽으로 '랜덤 통신 교환'했는데.. 초대박 9세대 포켓몬을 받았습니다..,35660
366,스칼렛 바이올렛 신규 DLC 공개! 새로운 전설의 포켓몬은 누가 좋을까? [포켓몬스터 스칼렛 바이올렛],35524
344,포켓몬스터 스칼렛 바이올렛 충격적인 전설의 포켓몬 전용기 이펙트... 소드실드랑 비교,35404
175,개같이 부활한 파동의 용사 루카리오 사용법을 알아보자! [포켓몬스터 스칼렛 바이올렛],34863
191,"[포켓몬 스칼렛/바이올렛] 초보자들을 위한 초반 40레벨대 보스 공략루트와 추천 포켓몬!! (라임, 토진의 주인, 리파, 그루샤공략)",34226
126,최강의 대검귀를 솔플 공략 5마리 포켓몬 공개 !! [포켓몬스터 스칼렛 바이올렛],34149
188,"""초딩루"" (실전배틀) [포켓몬스터]",34078
262,선바스트리밍 20230409 귀미챌 포켓몬스터바이올렛사투#6,34065
540,I'm giving my shiny Pokemon to YOU!,33926
333,포켓몬스터 스칼렛 & 바이올렛 OST - 에리어 제로,33872
117,최강의 블레이범 솔플 6가지 공략!!! [포켓몬스터 스칼렛 바이올렛],33685
338,크르릉...왈왈! 왈왈왈!! l 포켓몬스터 스칼렛 바이올렛 이로치 망망이 쫀도기 망망이 헌팅,33551
287,[19화] 친구들과 즐거운 포켓몬 대결 (아님) [포켓몬스터 스칼렛],33245
228,"[포켓몬 스칼렛/바이올렛] 초보자들을 위한 초반 30레벨대 보스 공략루트와 추천 포켓몬!! ( 곤포, 추명, 청목 공략)",33115
385,포켓몬 코리아 쳐들어갈 뻔 했습니다 l 포켓몬스터 스칼렛 바이올렛 이로치 헌팅,32953
386,"포켓몬스터 9세대, 스칼렛 vs 바이올렛 어떤게 더 강력할까?",32905
222,사용률 1위를 차지한 역대 최강의 개사기 포켓몬 날개치는머리의 이야기 [포켓몬스터 스칼렛 바이올렛],32806
182,"돌아온 무한 질풍날개!! ""노템 파이어로""를 사용해보자! (실전배틀) [포켓몬스터]",32529
508,This NEW MOVE Will Change Pokemon FOREVER! #shorts,32317
397,이로치 포켓몬들과 낭만 랭배 l 포켓몬스터 스칼렛 바이올렛 랭크배틀,32245
482,[7화] 카르본이 활약할 때! 보울 체육관 관장 콜사! [포켓몬스터 스칼렛],31953
468,[포켓몬 스칼렛/바이올렛] 초보자를 위한 레전드 루트 페퍼 공략과 추천 포켓몬,31936
143,데미지 하나는 끝내주는 5세대 대표 드래곤 포켓몬 액스라이즈 사용법을 알아보자! [포켓몬스터 스칼렛 바이올렛],31773
107,태양을 상징하는 버러지 포켓몬의 여왕 불카모스 사용법을 알아보자! [포켓몬스터 스칼렛 바이올렛],31454
464,티저 몰아보고 뭐 살지 고민하기🙄 [포켓몬스터 스칼렛] [포켓몬스터 바이올렛],31357
246,[포켓몬 스칼렛/바이올렛] 초보자를 위한 최강의 테라레이드용 악&강철 포켓몬 대도각참 만드는 법!!,31321
118,풀가촉천민을 벗어난 이브이즈 귀염둥이 리피아 사용법을 알아보자! [포켓몬스터 스칼렛 바이올렛],30970
129,"포켓몬 DLC 또, 유출 시작 [포켓몬 스칼렛·바이올렛, 환웅랜드]",30826
437,자고일어났더니 400만원쌓임💰돈자동파밍 님피아 육성법 포켓몬 스칼렛 바이올렛,30382
509,Gardevoir.,30093
233,포켓몬 스칼렛 바이올렛에서 스타단에게 지면 생기는 일,30013
405,[포켓몬 스칼렛/바이올렛] 초보자를 위한 최강의 테라레이드용 격투 포켓몬 무쇠손 만드는 법!!,29954
57,공격과 동시에 가속을? 워글의 새로운 진화 히스이 워글 사용법을 알아보자! [포켓몬스터 스칼렛 바이올렛],29333
87,민규야 노력치 줬구나... 벌크업 위대한엄니 사용법을 알아보자! [포켓몬스터 스칼렛 바이올렛],29189
27,소드마스터 곰길동 :: [포켓몬스터 스칼렛],28968
424,인기레어포켓몬 루카리오 얻는 모든 방법!👊🏼루카리오 테라스탈위치 포켓몬 스칼렛 바이올렛,28851
394,새롭게 추가된 패러독스 포켓몬을 만나 봅시다!!,28763
516,This Play Made Them Quit Pokemon... #shorts,28658
261,최강의 모크나이퍼 출현!! 모크나이퍼 공략 !! [포켓몬스터 스칼렛 바이올렛 ],28403
77,9세대 이로치 베스트 vs 워스트 ｜ 스칼렛 바이올렛 포켓몬스터,28307
238,최강의 모크나이퍼 솔플 공략 영상!! [포켓몬스터 스칼렛 바이올렛],28297
378,상남자들의 전략 2!! '일격기 파티'를 사용해보자! (실전배틀) [포켓몬스터],28214
231,"[포켓몬 스칼렛/바이올렛] 초보자들을 위한 초반 50레벨대 보스 공략루트와 추천 포켓몬!! (오르티가, 위룡의 주인, 비파공략)",27946
130,유령이 테라스탈 심볼로 돌아왔다!? 9세대 이스터에그 모음,26831
390,"새로운 포켓몬 DLC 유출정보 [포켓몬 스칼렛·바이올렛, 환웅랜드]",26793
12,요즘 포켓몬 특 라이코 목 길어짐 - [전자오랏맨],26217
331,"포켓몬 월드챔피언십 클로징 세레모니, 최신 정보 공개 현장 영상!",26153
47,3단 너프를 받았지만 아직은 A급! 8세대 풀 스타팅 포켓몬 고릴타 사용법을 알아보자 [포켓몬스터 스칼렛 바이올렛],25985
330,[포켓몬 스칼렛/바이올렛] 초보자를 위한 최강 600족 포켓몬 소개!!,25872
575,왁툰 '안드로이드' 출시!,25390
376,스칼렛/바이올렛 1.2.0 패치 어떤점이 달라질까?,25252
127,모든 플레이 기록이 삭제되는 버그 발생!?,25146
200,신규 아이템과 함께 날아오른 버섯 포켓몬의 대장 뽀록나 사용법을 알아보자! [포켓몬스터 스칼렛 바이올렛],25141
149,레이드 버그 패치 예정인데... 날짜가...?,24685
414,DLC 포켓몬 220종 이상 유출 되었습니다!! [포켓몬스터 스칼렛 바이올렛],24574
15,한세대만에 나락을 간 가라르의 왕자 에이스번 사용법을 알아보자! [포켓몬스터 스칼렛 바이올렛],24559
313,포켓몬스칼렛/바이올렛 DLC 제로의비보 신정보 정리!,24367
379,6성 레이드몬 추천! 특공딜러&물공딜러 샘플 및 운용법 |포켓몬스터 스칼렛·바이올렛|,24365
391,[포켓몬 바이올렛 #02화] 테이블시티도착 테라스탈?!,24301
232,"농락하는 여왕님?? ""치리열매 달코퀸""을 사용해보자! (실전배틀) [포켓몬스터]",24269
92,"오거폰이 가면을 쓴 이유? 벽록의가면 전포 떡밥분석! 조타구, 이야후, 기로치 인기순위 【포켓몬스터 스칼렛 바이올렛 DLC】",24212
487,포켓몬스터 역대 동심파괴 쇼츠 TOP3,24064
104,7성 레이드 시대의 끝이 도래했다!! 대검귀 정보와 팁,23979
556,UN'EVOLUZIONE DI SLOWPOKE PER OGNI TIPO 🌸 #pokémon #shorts,23979
484,[포켓몬 바이올렛 #17화] 프리지체육관 가는길에 신600족등장,23749
76,"전설, 환상 전용 폼체인지 아이템 획득방법! 포켓몬홈「포켓몬스터스칼렛・바이올렛」",23629
312,"최신 9세대 DLC, 애니, 이벤트 요약",23616
431,내가 보려고 만든 출현 포켓몬 [포켓몬스터 스칼렛 바이올렛],23505
454,[포켓몬 스칼렛/바이올렛] 초보자를 위한 최강의 준전설 포켓몬 파오젠을 만드는 방법!!,23462
299,최강의 인텔리레온 솔플 공략 4가지 포켓몬 공개!! [포켓몬스터 스칼렛 바이올렛],23239
49,포켓몬 육성 심화편! 효율적인 노력치 분배와 세부조정에 대해 알아보자 [포켓몬스터 스칼렛 바이올렛],23221
237,조작감 왜 이러냐고!!! l 포켓몬스터 스칼렛 바이올렛 포켓몬 홈 업데이트,23174
383,전설 포켓몬 레이드! 6성 코라이돈과 미라이돈을 잡아보자! 【포켓몬스터 스칼렛 바이올렛】,23092
465,체력1로 망나뇽을? 이로치가 아름다운 무희 포켓몬 하늘하늘 춤추새 사용법을 알아보자! [포켓몬스터 스칼렛 바이올렛],22746
467,"DLC 구매후기! 굽이치는물결, 무쇠잎새 업뎃 정리&히스이 조로아크 배포되다 【포켓몬스터 스칼렛 바이올렛】",22598
71,새롭게 등장한 1킬 머신! 빙산 포켓몬 히스이 크레베이스 사용법을 알아보자! [포켓몬스터 스칼렛 바이올렛],22511
134,포켓몬 최하위권 랭크배틀 특징 [포켓몬스터],21974
75,지금은 가이오가 전성기 초보/고수 구분이 무의미한 최강포켓몬,21816
103,아르세우스에게 신기술이 장착되었다?! 전설1대장 가능?,21800
476,제작자 마저 잊어버린 비운의 오물 포켓몬 질뻐기 사용법을 알아보자! [포켓몬스터 스칼렛 바이올렛],21676
42,한시대를 풍미했던 에스퍼 타입의 희망 크레세리아 사용법을 알아보자! [포켓몬스터 스칼렛 바이올렛],21654
423,포켓몬스터 스칼렛 바이올렛 체육관 배틀 브금 1시간,21572
150,"감스트 포켓몬 스칼렛 2일차, 조금씩 성장하는 김인직 군 [23.7.13 포켓몬 스칼렛 #2]",21498
50,에딧몬 및 포켓몬홈 정지관련 정보 :: GTS? / 포켓몬고에서 9세대로 안옮겨지는 포켓몬을 옮기는 방법,21355
388,아무튼 최강입니다. '특수형 마스카나'를 사용해보자! (실전배틀) [포켓몬스터],21162
402,친밀도 쉽게 올리는 방법 / 포켓몬스터 스칼렛 바이올렛,20845
153,1.3.0 업데이트로 무엇이 바뀌었나?,20755
46,포켓몬 제로의비보 DLC 추가되는 포켓몬 유출 공개합니다,20452
469,"포켓몬 스칼렛 바이올렛, 과연 어떤 모습일지 1분만에 확인해봅시다!",20031
452,포켓몬카드│스칼렛&바이올렛 확장팩 바이올렛ex 36 ~ 1위 가격 랭킹,19756
418,이브이 모든 파밍 위치공략🦊 포켓몬 스칼렛 바이올렛,19446
354,이로치가이 피츄 배포 결정! 극장판 아르세우스 초극의 시공으로 선물 【포켓몬스터 스칼렛 바이올렛】,19161
421,✨이로치 레이드 참여방법 |포켓몬 스칼렛·바이올렛|,19013
518,Pokémon Casters have the WORST memory...,18958
102,"포켓몬 최악의 타입은 존재하는걸까? (에스퍼, 풀, 얼음, 벌레) [포켓몬스터]",18693
269,유대변화 지우개굴닌자 쓰다가 충격먹었습니다,18503
408,"1~5세대 포켓몬홈 입국 프로젝트 Pt.3 [포켓몬스터 스칼렛 바이올렛 & 레드, 그린, 블루, 금, 은, 루비, 사파이어, 에메랄드, DPPT, HGSS 블랙, 화이트]",18402
453,S티어 개사기포켓몬 따라큐 초반 파밍위치👻 포켓몬 스칼렛 바이올렛 pokemon,18198
215,위룡의 주인을 만나러 가다 등장한 `황금 갸라도스 vs 파라블레이즈`. 레전드 루트 다 깼다!!! | 포켓몬스터 스칼렛 바이올렛 4탄,18114
577,애니파이팅시뮬레이터X 업데이트3 귀멸의칼날 내용 총정리!! 각종 호흡 얻는 방법 및 애파시X 신규코드 포함,18053
109,최강의 브리가론 솔플 공략 영상 !!! [포켓몬스터 스칼렛 바이올렛],17654
279,포켓몬홈 공식 6가지 업데이트 정보,17649
211,7성 인텔리레온 즐기기 가이드,17139
407,리셋 방법은 이겁니다. (포켓몬 스칼렛바이올렛 초기화),17076
387,[포켓몬 스칼렛/바이올렛] 초보자를 위한 최강의 격투 포켓몬 코라이돈 만드는 법!!,16921
462,[포켓몬스터 스칼렛 바이올렛 스토리 플레이 공략 영상 29화] 포켓몬 리그 제패기 상편,16917
226,드디어 포켓몬홈 유출정보!,16786
340,"[포켓몬 스칼렛/바이올렛] 최강의 S랭크 포켓몬 소개 4편 신속 어택 ""망나뇽"" (통신대전 시리즈 1 픽업률 1위)",16684
450,[포켓몬 스칼렛/바이올렛] 초보자를 위한 이로치 포켓몬 최대한 빨리 잡는 법!!,16684
199,23년 공개될 포켓몬 콘텐츠들! -프레젠트 下-,16671
425,[포켓몬 스칼렛/바이올렛] 초보자를 위한 최강의 리자몽 세팅방법!!,16286
445,[포켓몬 스칼렛/바이올렛] 초보자를 위한 최강의 풀타입&포획전문 포켓몬 버섯모 만드는 법!!,16146
4,"스피드 컨트롤의 귀재!! ""검은철구 마스카나""를 사용해보자! (실전배틀) [포켓몬스터]",16075
72,포켓몬 프레젠트 스칼렛 바이올렛 DLC 제로의 비보 추가 정보!,16050
413,7성 최강 피카츄 레이드 솔로 플레이 클리어! [ 포켓몬 스칼렛 바이올렛 / Pokémon scarlet violet ],15842
7,(루머정보)5세대 리멕떡밥+DLC 유출루머 정리해봄,15712
208,공짜 이로치가이 윈디 배포 확정!! 【포켓몬스터 스칼렛 바이올렛 시리얼 코드 얻는 방법】,15651
85,"이번에도 역시.. 입국은 하는데, 진화는 못시킨다구요? 【포켓몬홈 / 포켓몬 스칼렛・바이올렛】",15620
80,특성너프+공격20▼ 2단너프당해도 여전한 자시안 그 이유는?,15450
169,경험사탕과 테라피스 노가다... 지금이 기회입니다,15257
154,"전설의 포켓몬 / 환상의 포켓몬 전용 도구 얻는법, 폼체인지 방법 [포켓몬스터 스칼렛 바이올렛]",15200
192,메타몽 레이드부터 외국산 메타몽까지!!! 메타몽 이벤트 뽕뽑기,15149
241,스칼렛/바이올렛DLC 최신정보 신포켓몬?테라파고스?,14741
473,챔피언 로드/스타더스트★스트리트 엔딩 l 포켓몬스터 스칼렛 바이올렛 6화,14651
158,레쿠쟈 팔데아 상륙완료 신속의신^^,14640
416,알까기 '2배' 빠르게 까는 방법+한번에 대량방출까지! [포켓몬스터 스칼렛 바이올렛],14602
151,최강의 대검귀 출현?!! 대검귀를 알아봅시다! [포켓몬스터 스칼렛 바이올렛],14456
52,이벤트 하고 욕먹는 방법 l 포켓몬스터 스칼렛 바이올렛 모으령 이로치 확률,14426
94,뮤 배포 코드 / 포켓몬스터 스칼렛 바이올렛,14347
173,포켓몬홈 찌라시 (feat.스바),14305
201,"포켓몬홈으로 옮길 수 있는 모든 전설/환상의 포켓몬들 [포켓몬 스칼렛·바이올렛, 환웅랜드]",14163
285,"[포켓몬 스칼렛/바이올렛] 최강의 S랭크 포켓몬 소개 3편 선공 어택 ""드래펄트""",14153
142,포켓몬 유튜버들의 자강두천 싱글배틀 대전 [포켓몬스터],14126
78,첫 이로치 이벤트부터 불편하게 만드는 스칼렛/바이올렛,13787
339,포켓몬스터SV DLC 최신정보 총정리 이거한편이면 끝!,13772
115,지금이 최고전성기 원조딜탱 그란돈 팔데아 상륙완료,13738
572,이것이 초고퀄 원피스 ㄷㄷ..!? 용용 떡떡 오페 등등 퀄리티 이게 맞는것인가!! (로블록스) - 어원피스,13651
124,희대의 개사기포켓몬 사마자르 이건 꼭 키우셔야합니다,13608
230,이번에 스칼렛·바이올렛으로 입국한다는 90마리의 포켓몬들 목록,13562
206,[공식]「포켓몬스터스칼렛・바이올렛 제로의 비보」 3rd Trailer,13427
194,[엔딩: 포켓몬스터 스칼렛·바이올렛] 새로운 팔데아지방에서 시작하는 포켓몬스터 9세대! 엔딩,13404
120,최강의 마폭시 솔플 영상 [포켓몬스터 스칼렛 바이올렛],13279
224,💧급류 대검귀 샘플 강력추천합니다,13236
492,의상 가게 위치와 품목 정리! [포켓몬스터 스칼렛·바이올렛],13125
283,최강의 블레이범 출현?! 블레이범을 알아 봅시다! [포켓몬스터 스칼렛 바이올렛],13106
88,'애니메이션 개체' 배포 확정!! 【포켓몬스터 스칼렛 바이올렛 리코로이 시리얼 코드】,13048
101,"(테라파고스 흑막썰..?) 가장 미쳐버린 포켓몬 박사, 올림과 투로는 왜 흑화한 걸까? 【포켓몬스터 스칼렛 바이올렛 DLC】",13010
63,포켓몬최신정보 스타팅야생/19번째 테라스탈분석/전용기 공개!,12966
48,"'뮤츠' 이렇게 쓰면 자시안,버드렉스를 이깁니다!",12928
37,"대면조작과 시간차 공격의 조화!! ""미래예지 에브이""를 사용해보자! (실전배틀) [포켓몬스터]",12902
176,시비꼬 모든폼 하루만에 잡기 l 포켓몬스터 스칼렛 바이올렛 이로치 시비꼬 헌팅,12647
289,처음 시작하기 전 알려드립니다~ 포켓몬스터 스칼렛 바이올렛 초보자를 위한 5가지 가이드,12539
455,[포켓몬 스칼렛/바이올렛] 초보자를 위한 최강의 서포터 블래키 만드는 법!!,12491
155,영등포 포켓몬 이벤트에서 난리난 사건?! '초딩루' TOD 사태 정리! 【스칼렛 바이올렛 딩루】,12406
291,도감100%달성을 위한 포획용 최고의 포켓몬🍄 얻는방법! 포켓몬 스칼렛 바이올렛,12301
277,[포켓몬스터 바이올렛] 시청자분의 이로치 구경하기,12256
404,면접 - 포켓몬스터 스칼렛 바이올렛,12070
252,스칼렛/바이올렛 DLC 추가포켓몬 유출 ※루머정보,11984
256,🥊격투포켓몬 1황?! 연격의 우라오스,11861
166,최강 모크나이퍼 솔플 영상 [포켓몬스터 스칼렛 바이올렛],11772
11,모든 스타팅 복귀와 19번째 타입공개?? 파격적인 스칼렛 바이올렛 정보!,11760
122,역대급 최고 파밍 이벤트 해피너스를 링곰으로 편하게 잡으세요! [포켓몬스터 스칼렛 바이올렛],11724
219,이 인간은 하루에 이로치를 몇마리 잡을까? l 포켓몬스터 스칼렛 바이올렛 이로치 헌팅,11574
276,가장 기다렸던 히스이포켓몬 🐟대쓰여너 샘플!!,11466
214,희귀 증표 떴다! l 포켓몬스터 스칼렛 바이올렛 이로치 게을킹 고디모아젤 헌팅,11459
17,뮤츠 테라 레이드 출현?!! 뮤츠 테라 레이드 모든 정보! 뮤 배포까지?! [포켓몬스터 스칼렛 바이올렛],11272
135,스칼렛/바이올렛 하면서 제일 😡짜증😭나는상황 월드컵,11148
28,최강의 고릴타 솔플 영상 [포켓몬스터 스칼렛 바이올렛],11017
371,7성 테라레이드 최강의 블레이범 한방 솔플 공략법 [포켓몬스터 스칼렛 바이올렛 공략 영상],11011
116,이로치 잡는 새로운 방법을 찾아낸거 같습니다...? l 포켓몬스터 스칼렛 바이올렛 이로치 두리쥐 파밀리쥐 헌팅,10870
184,7성 최강 모크나이퍼 레이드 솔로 플레이 클리어! [ 포켓몬 스칼렛 바이올렛 / Pokémon scarlet violet ],10860
157,느슨해진 팔데아지방 이젠끝! 포홈업뎃 확정+어떤포켓몬이 풀릴까?,10760
382,[𝙋𝙡𝙖𝙮𝙡𝙞𝙨𝙩] 포켓몬 스칼렛&바이올렛 배틀 브금 모음 (𝗣𝗼𝗸𝗲𝗺𝗼𝗻 𝗦𝗰𝗮𝗿𝗹𝗲𝘁 & 𝗩𝗶𝗼𝗹𝗲𝘁 𝗕𝗮𝘁𝘁𝗹𝗲 𝗢𝘀𝘁 𝗖𝗼𝗹𝗹𝗲𝗰𝘁𝗶𝗼𝗻),10642
189,팔데아 포켓몬 392종 이로치 획득 장면 모음 [포켓몬스터 스칼렛 바이올렛],10275
106,맞으면 맞을수록 강해지는 포켓몬들이 모인다면?,10273
441,[포켓몬 스칼렛/바이올렛] 초보자를 위한 알기 쉬운 개체값 이야기!!,10245
26,루머정보/고대엔테이&무쇠테라키온+과미르진화체 유출?!,10203
21,스바 이로치 남은건 47마리...! l 포켓몬스터 스칼렛 바이올렛 이로치,10186
546,"🤬Moves Pokémon SHOULD Have, But Don't #Shorts",10142
559,세대별 전기쥐 포켓몬들에 대해 알아보자!,10117
221,저장 데이터 삭제를 복구한 소식!,9895
562,포켓몬스터의 이중인격 최종보스를 알아보자!,9807
34,신규 업데이트 DLC 유출 정보!! 최강의 뮤츠가 온다?! 기술머신 30개 추가 샤로다 염무왕 추가?! [포켓몬스터 스칼렛 바이올렛],9595
55,모든 스타팅 이로치 각이다 ㅎㅎ l 포켓몬스터 스칼렛 바이올렛 DLC 제로의 비보,9568
323,새로운 페러독스 포켓몬 추가! 굽이치는물결 레이드! [포켓몬스터 스칼렛 바이올렛],9558
347,"색이다른 포켓몬, 이로치를 얻는 방법 총정리! [포켓몬스터 스칼렛・바이올렛]",9496
319,7성 최강 블레이범 레이드 솔로 플레이 클리어! [ 포켓몬 스칼렛 바이올렛 / Pokémon scarlet violet ],9404
67,S티어 최강의전설 흑마 버드렉스 이게 전설최강입니다,9150
234,포켓몬 루머정보 포켓몬홈 업뎃날짜&신전설 오거폰유출?!,9103
457,포켓몬스터 스칼렛 바이올렛 초역대급 7성 리자몽 레이드 등장?! 근데 '이 방법'으로 한방컷 해버렸습니다 ㄷㄷ;,9055
332,최강의 인텔리레온 솔플 영상 [포켓몬스터 스칼렛 바이올렛],8917
274,9세대에 영원히 입국하지 못할수도 있는 포켓몬들,8601
447,포켓몬스터 신작 전설포켓몬 & 숨겨진 디테일 최초 공개! 포켓몬스터 9세대 스칼렛 바이올렛 트레일러 영상,8447
268,최강의 모크나이퍼 출현소식! 과연 테라스탈 타입은..?!?[포켓몬스터스칼렛바이올렛],8368
0,포켓몬들의 실제 모티브는 어떤 모습일까? :: [포켓몬스터 스칼렛 바이올렛],8350
534,"""포켓몬 유튜브계의 다크호스"", 즈랑의 구독자 1만명 기념 Q&A",8271
315,최강의 인텔리레온? 타부자고가 답입니다!,8199
375,1500시간만에 이로치 테라 레이드를 발견했습니다. [포켓몬스터 스칼렛 바이올렛],8196
195,스칼렛 바이올렛 꿀팁 24가지 !! [포켓몬스터 스칼렛 바이올렛],8095
90,전설과 환상의 포켓몬들 폼체인지 시키는 방법 【포켓몬홈 / 포켓몬 스칼렛・바이올렛】,7979
563,진짜 이게 나왔다고?!?! 1세대 포켓몬의 환상적인 SAR카드가 나오는 포켓몬카드 151 카드깡!!!,7926
275,새로운 이벤트 소식! 최강의 인텔리레온 출현!,7924
337,포켓몬 스칼렛 바이올렛 5~6일 합본 / 22.11.24+11.30 소니쇼 다시보기,7922
301,최강의 대검귀 솔플 영상 [포켓몬스터 스칼렛 바이올렛],7775
24,다들 잘 지내시나요...? l 포켓몬스터 스칼렛 바이올렛 이로치,7713
521,Did You Know THIS Little Detail About Shiny Voltorb?! #pokemon #shorts #shinypokemon,7523
113,🖐️얘가 이번 레이드 보스? 최강의 고릴타 출현! 【포켓몬 스칼렛・바이올렛】,7505
247,포켓몬홈 연동 취소! 레이드 취소! 대회버그! 【포켓몬스터 스칼렛 바이올렛】,7468
83,포켓몬 홈 연동!! 각종 진화 아이템 전용기 까지 알아 봅시다! [포켓몬스터 스칼렛 바이올렛],7440
320,'불새' 루차불 ㄹㅇ강추픽/이거 한번 키워보세요!!,7431
114,스타팅 9마리 다 모았습니다 l 포켓몬스터 스칼렛 바이올렛 이로치 나오하 마스카나,7381
216,의외의 딜러선정!? 최강의 대검귀 솔플 공략 [포켓몬스터 스칼렛・바이올렛],7189
108,제로의 비보 DLC와 레전드 아르세우스가 연결된다고?,6798
393,이거 보고도 못 잡으면 책임 진다! 7성 최강의 대검귀 한방 & 솔플 테라레이드 완벽 공략 [포켓몬스터 스칼렛 바이올렛 공략 영상],6678
160,이로치 모크나이퍼를 뽑았습니다!! 레이드 성능까지 알아보기! [포켓몬스터 스칼렛 바이올렛],6641
73,새롭게 나온 고대의 칭호 구하는 방법 【포켓몬홈 / 포켓몬 스칼렛・바이올렛】,6375
308,최강의 대검귀??? 배북 마릴리로 솔플하는 방업[포켓몬스터 스칼렛·바이올렛],6311
244,최강의 대검귀 최단 시간하는 4가지 파티 공략!! [포켓몬스터 스칼렛 바이올렛],6285
51,[공식]「포켓몬스터스칼렛・바이올렛」 포켓몬 트레이너스 컵 2023 파이널 라운드 시니어 카테고리,6100
571,반전이 숨어있는 공포섬이 있다?! 😱 모동숲 꿈번지,6097
74,대규모 나눔 곧 진행합니다 l 포켓몬스터 스칼렛 바이올렛 이로치 삐딱구리 독개굴,6024
258,포켓몬 스칼렛 바이올렛 3일차+소통 최종/ 22.11.22 소니쇼 다시보기,5976
384,"7마리 포켓몬 스킬셋까지 완벽정리! (최강 칰힌) 7성 모크나이퍼 테라레이드 솔플, 한방 공략 [포켓몬스터 스칼렛 바이올렛 공략 영상]",5938
174,포켓몬 스칼렛 바이올렛 2일차+소통 / 22.11.21 소니쇼 다시보기,5894
179,7성 최강 대검귀 레이드 솔로 플레이 클리어! [ 포켓몬 스칼렛 바이올렛 / Pokémon scarlet violet ],5861
209,🔥전설/이로치 전설포켓몬 나눔이벤트🔥 중복참여가능! [포켓몬홈 / 스칼렛바이올렛],5778
253,국밥 야도란의 귀환!? 최강의 인텔리레온 솔플 공략 [포켓몬스터 스칼렛・바이올렛],5717
409,최강의 브리가론 솔플 영상 [포켓몬스터 스칼렛 바이올렛],5667
281,귀여운 나몰빼미의 귀환! 최강의 모크나이퍼 레이드! [포켓몬스터 스칼렛 바이올렛],5601
480,포켓몬스터 스칼렛&바이올렛이 레전드 아르세우스와 다른 결정적 차이,5554
541,Guess The Pokemon From Only The Fusions,5443
23,포켓몬스터 스칼렛바이올렛 게임영상 - 스바에서 뮤가 풀렸다!? 뮤를 잡아서 100레벨 키워보겠습니다!,5442
415,타입을 없애면 어떻게 될까?? [키젠의 포켓몬 실험실] 포켓몬스터 스칼렛 바이올렛,5335
100,"보물을 발견했습니다..""떴다! 이로치 모으령!"" | 포켓몬스터 스칼렛·바이올렛",5317
526,[포켓몬 합체 연구실] 가이오가+가이오가,5264
186,크레베이스 [포켓몬 스칼렛 바이올렛],5247
141,이로치작은 핑계고 l 포켓몬스터 스칼렛 바이올렛,5180
181,테라 레이드 사기 특성 타오르는불꽃?! 부스터가 레이드딜러? [포켓몬스터 스칼렛 바이올렛],5049
132,모으령 이로치 무료나눔! NO 에딧! 오늘부터 이로치굴 나눔열차 운행합니다! [포켓몬 스칼렛·바이올렛],5049
564,리피아 솔라블레이드 왜 이렇게 아픈건데.. : 포켓몬 유나이트,4912
517,그런데 이제 메일에 괴물 두 마리가 들어있는,4896
535,[포켓몬 합체 연구실] 5세대 떡밥,4752
406,니가 빠모야 뭐야? l 포켓몬스터 스칼렛 바이올렛 이로치,4701
538,Beedrill and Moltres Is Actually an Awesome Fusion! - #Pokemon #Shorts,4577
530,아 넘겼구나,4506
583,선조 리그 3일차 - 돈 벌어서 스펙업 하기 [패스파인더 독 지진 덫],4468
400,알아두면 쓸모있는 20가지 꿀팁![포켓몬스터 스칼렛바이올렛],4297
543,Every Single Starter Pokémon will be in the Scarlet & Violet DLC! #pokemon #pokemonscarletviolet,4286
84,스바 똥겜(욕 아님) l 포켓몬스터 스칼렛 바이올렛,4228
370,찐! 스바 포홈 연동 드가자!!! [ 포켓몬스터 스칼렛★바이올렛 ],4224
529,Serperior Will Be BROKEN In Pokémon Scarlet and Violet,4212
61,이번 스칼렛 바이올렛 DLC에 등장하는 새로운 포켓몬들 #shorts,4209
290,내일 이로치가이 윈디 올라오는 시간 공지! 【포켓몬스터 스칼렛 바이올렛 배포 코드】,4157
35,격투VS드래곤 6대6 승자는 누가될것인가?,4087
32,코라이돈VS아르세우스 세계관 최강자가 붙었다,4050
82,최강의 고릴타 솔플 공략 방송!! [포켓몬 스칼렛·바이올렛],3990
193,사실상 기도메타? 최강의 모크나이퍼 솔플 공략 [포켓몬스터 스칼렛・바이올렛],3950
329,"최강의 브리가론을 가장 쉽고, 빠르게 깨는법",3810
31,약점은 0개인 포켓몬,3618
558,100% NO SABÍAS ESTO de los REGIS! - Curiosidades Pokemon #shorts,3449
33,긴급탈출 드래곤과 함께하는 싱글배틀,3421
204,최강의 모크나이퍼??? 미라이돈으로 솔플로 한방컷 내기[포켓몬스터 스칼렛·바이올렛],3286
439,[포켓몬스터 스칼렛 바이올렛] 테라 레이드배틀 추천 포켓몬 다투곰 & 아르세우스 샘플,3160
551,What if Entei had a Paradox Form? | Pokémon Scarlet and Violet,3065
213,오늘 출시한 첫 박스깡이 노sr 이라니...!!!,3056
527,[포켓몬 합체 연구소] 깜까미의 대작전,3017
419,"2100마리만에 얻었습니다🥲,이로치 히스이 조로아크 [포켓몬스터 스칼렛 바이올렛]",3014
565,스크롤 밖으로 넘어가도 파츠가 안 짤리는 방법 - 슈퍼마리오 메이커 2,2997
334,야도란은 최강인가요? 최강의 브리가론 솔플 공략 [포켓몬스터 스칼렛・바이올렛],2671
112,전설 환상 폼체인지 아이템 얻는법 [ 포켓몬스터 스칼렛★바이올렛 ],2662
205,7성 최강 인텔리레온 레이드 솔로 플레이 클리어! [ 포켓몬 스칼렛 바이올렛 / Pokémon scarlet violet ],2655
377,7성 최강 브리가론 레이드 솔로 플레이 클리어! [ 포켓몬 스칼렛 바이올렛 / Pokémon scarlet violet ],2525
296,최강의 인텔리레온 한 방에 잡는 파티,2476
544,Potential Shiny Forms for Dipplin in Pokémon Scarlet & Violet,2415
539,Creating Torterra's NEW MOVE SET! #shorts,2378
553,Get Mew NOW in Pokemon Scarlet and Violet! #pokemon #mysterygift #pokemonscarletviolet,2276
570,대깨 우르프 갑니다!,2181
548,Wait a minute...🤔 #pokemon #shiny #scarlet #violet,2125
59,세상에서 가장 빠른 포켓몬 꼬치조 [ 포켓몬 스칼렛 바이올렛 ],2103
542,Trying to become Kanto Champion! (Day 12),1774
550,Evolving a Gen 4 SHINY in Gen 9 #pokemonscarletviolet #shiny #pokemon #shinyhunter,1704
512,그래스슬라이더 돌려달라는 고릴타 [포켓몬스터 스칼렛 바이올렛],1699
39,랭커파티 번역! 여어~히사시부리www 시즌8 싱글11위 렌탈팀 【포켓몬스터 스칼렛 바이올렛 샘플】,1664
30,아니 이딴거로 마스터볼을 어떻게 가냐고 ㅋㅋㅋㅋㅋㅋㅋㅋㅋ (포켓몬스터 스칼렛 바이올렛),1501
500,최후의 비장의무기 리피아 [ 포켓몬 스칼렛 바이올렛 ],1372
581,[엠피스 라이브] ★실제 상황★ 현재까지 야생 디바인 Zero (밤에 빌드 가이드),1347
36,가속 미끄래곤 [포켓몬스터 스칼렛 바이올렛],1342
372,DLC 제로의 비보 지금까지 입국추가된 포켓몬들 한눈에 보기! 포켓몬스터 스칼렛 바이올렛 추가팩 소식 The Hidden Treasure of Area Zero Pokémon,1177
569,부계 또만듬 이것도 정지시 옵치접음,1135
496,고릴라와 함께 돌아온 재생의 GOAT,1131
504,월챔2023 1위~상위권 렌탈팀 모음! 【포켓몬스터 스칼렛 바이올렛 더블배틀】,1102
481,[포켓몬 합체 연구소] SIZER,1090
10,월드 챔피언 선수들도 쓰는 에딧 포켓몬. 과연 문제인가?,1059
506,회피만렙 모래숨기 사다이사 [ 포켓몬 스칼렛 바이올렛 ],1037
515,포켓몬스터 엔딩 보고나면 뭘 해야하나요? | 포켓몬스터 바이올렛,968
498,자리한번 잡으면 안나가는 크레베이스 [ 포켓몬 스칼렛 바이올렛 ],957
29,최강의 뮤츠 vs 뮤 미리보기 (feat.손가락흔들기) [포켓몬스터 스칼렛 바이올렛],935
503,토오 [포켓몬 스칼렛 바이올렛],913
38,딱히 눈파티용은 아닌 눈설왕 [포켓몬스터 스칼렛 바이올렛],873
513,레지드래고 [포켓몬 스칼렛 바이올렛],860
491,악랄한 레고테러범 킬라플로르 [ 포켓몬 스칼렛 바이올렛 ],838
507,환상의 포켓몬 뮤를 무료로 준다구요?! | 포켓몬스터 바이올렛,754
64,누구보다 게으른 포켓몬 게을킹 [ 포켓몬 스칼렛 바이올렛 ],719
349,DLC 제로의 비보 신품백 재등장?! 포켓몬 육성이 더 쉬워진다 핵심만 빠르게 포켓몬스터 스칼렛 바이올렛 DLC 소식!,555
501,"양내구가 59,000?! 휘석 모으령 [리마스터]【포켓몬스터 스칼렛•바이올렛】",542
257,퉤에엣(히스이 크레베이스가 바람을 내는 소리)[포켓몬스터 스칼렛 바이올렛],537
474,분화로 다 녹이는 폭타 [ 포켓몬 스칼렛 바이올렛 ],485
505,라이츄는 더블에서 쓰세요..... 제발 [포켓몬스터S/V - 싱글],430
561,[포켓몬 스칼렛바이올렛] 칫 결계인가.. 이로치 페리퍼잡던중..#shorts,399
519,과사삭벌레 내구 테스트.mp4【포켓몬스터 스칼렛•바이올렛】,396
514,얍삽한 스피드 도둑 베라카스 [ 포켓몬 스칼렛 바이올렛 ],394
490,포켓몬스터 스칼렛바이올렛 게임영상 - 뮤 고스트 테라스탈 타입 육성 및 레이드배틀 여섯번째 영상! 병상첨병 기술을 아시나요!? 뮤 고스트 테라스탈 타입입니다!,378
43,포켓몬스터 스칼렛바이올렛 게임영상 - 포켓몬 박스 공개 세번째 영상 - 전설포켓몬과 대량의 이로치들을 보여드리겠습니다~,343
493,열매한번 먹으면 게임을 이기는 퍼퓨돈 [ 포켓몬 스칼렛 바이올렛 ],341
522,#흑염의지배자#포켓몬카드#포켓몬카드깡#리자몽#스칼렛바이올렛#신상#선발매#서면미니빌,250
5,월챔 싸리용 뿌린다!!!!!!!!,239
520,포켓몬스터 스칼렛 바이올렛 극장판 배포 버전 피츄 영상,221
488,쾌청 아래선 화력원툴인 스코빌런 [ 포켓몬 스칼렛 바이올렛 ],202
532,이로치 루리리 진화트리 다모은 사람 나와봐 #shorts #포켓몬스터스칼렛바이올렛 #shinyhunting #pokemongoshiny #pokemon #이로치 #포켓몬,175
525,포켓몬그래픽 비교 #shorts #포켓몬스터스칼렛바이올렛 #shinyhunting #pokemongoshiny #pokemon #이로치 #포켓몬,150
197,[포켓몬스터 소드 실드] 치고마를 스칼렛 바이올렛에서 진화시켜도 갑옷섬 이벤트를 진행할 수 있을까?,142
499,포켓몬 프레젠트 또 망했네 (웃으며) [포켓몬스터 스칼렛 바이올렛],119
554,Nemona and the burning passion for Pokémon battles #pokemonshorts #youtubeshorts #shorts,110
545,포켓몬스터 스칼렛 바이올렛 업데이트,103
533,[풀영상]포켓몬스터 바이올렛 4일차,100
531,포켓몬스터 바이올렛 - 게임은 배경일 뿐! 토크 방송! / Pokemon Violet - Talk streaming with a game screen,69
495,절대영도 파오젠은 과연 순수 운빨일까?,61
567,[바이올렛] EP.3│웹 드라마,59
511,4화 와~ 세르클 체육관 이렇게 어렵다고..? 【포켓몬스터 스칼렛・바이올렛】,59
510,5화 암벽의 주인! 보울체육관 콜사! 【포켓몬스터 스칼렛・바이올렛】,58
566,"[포켓몬스터 게임] 이상해씨가 수상한 피카츄에게 참교육 당한 썰🥫 (feat. 짱구, 흰둥이, 호머심슨)",52
578,[젤다의 전설 : TOK] 109화 : 모든 사당 클리어 ! 보상은?!,33
524,6화 대공의 주인! 드디어 잡았다 잉어킹!! 【포켓몬스터 스칼렛・바이올렛】,30
560,[Pokémon Scarlet] Shroomish Shiny Hunt - DLC Countdown - 30 Days to go,26
549,What Is This Pokemon FUSION?? #gaming #pokemon #pokemonchallenges,15
580,[젤다의 전설 : TOK] 111화 : 지저탐험 마무리 ! 마왕과의 결전 준비 !,12
576,최악의 괴물 결말 (이 몬스터는 다른 ㅇᆢ,10
537,오늘은 과연 어떤 포켓몬이! [두근두근 포켓몬스터 바이올렛 5화],0
573,[포켓몬스터 스칼렛/바이올렛] 도보폼 모으령을 본가에서 진화시킬 수 있을까?,0
523,불타는 개구리! 쾌청 독개굴【포켓몬스터 스칼렛•바이올렛】,0
536,포켓몬 스칼렛 바이올렛,0
40,스칼렛 바이올렛 버그 - 트레이너를 죽이는(?) 포켓몬...,0
